{
	"info": {
		"_postman_id": "5edb6f36-5da9-42e2-9e3f-7fb5dfa6f0d0",
		"name": "monumentos",
		"schema": "https://schema.getpostman.com/json/collection/v2.1.0/collection.json",
		"_exporter_id": "38639417"
	},
	"item": [
		{
			"name": "Pedir",
			"request": {
				"method": "GET",
				"header": [],
				"url": {
					"raw": "localhost:8080/monumento/",
					"host": [
						"localhost"
					],
					"port": "8080",
					"path": [
						"monumento",
						""
					]
				}
			},
			"response": []
		},
		{
			"name": "Añadir",
			"request": {
				"method": "POST",
				"header": [],
				"body": {
					"mode": "raw",
					"raw": " {\r\n        \"id\": 4,\r\n        \"codigoPais\": \"ES\",\r\n        \"nombrePais\": \"España\",\r\n        \"nombreCiudad\": \"Sevilla\",\r\n        \"latitud\": \"37°23′10″N\",\r\n        \"longitud\": \"5°59′33″O\",\r\n        \"nombreMonumento\": \"Giralda\",\r\n        \"descripcion\": \"La giralda es de los monumentos mas antiguo de sevilla\",\r\n        \"imagen\": \"https://upload.wikimedia.org/wikipedia/commons/thumb/9/93/La_Giralda_August_2012_Seville_Spain.jpg/240px-La_Giralda_August_2012_Seville_Spain.jpg\"\r\n    }",
					"options": {
						"raw": {
							"language": "json"
						}
					}
				},
				"url": {
					"raw": "localhost:8080/monumento/",
					"host": [
						"localhost"
					],
					"port": "8080",
					"path": [
						"monumento",
						""
					]
				}
			},
			"response": []
		},
		{
			"name": "Editar",
			"request": {
				"method": "PUT",
				"header": [],
				"body": {
					"mode": "raw",
					"raw": "   {\r\n    \"id\": 2,\r\n        \"codigoPais\": \"ES\",\r\n        \"nombrePais\": \"Italia\",\r\n        \"nombreCiudad\": \"Cordoba\",\r\n        \"latitud\": \"37°52′44″N\",\r\n        \"longitud\": \"4°46′46″O\",\r\n        \"nombreMonumento\": \"Mezquita\",\r\n        \"descripcion\": \"La Mezquita es de los monumentos mas antiguo de Cordoba\",\r\n        \"imagen\": \"https://upload.wikimedia.org/wikipedia/commons/thumb/1/13/Cordoba_Cathedral_2024_-_Overview.jpg/280px-Cordoba_Cathedral_2024_-_Overview.jpg\"\r\n    }",
					"options": {
						"raw": {
							"language": "json"
						}
					}
				},
				"url": {
					"raw": "localhost:8080/monumento/1",
					"host": [
						"localhost"
					],
					"port": "8080",
					"path": [
						"monumento",
						"1"
					]
				}
			},
			"response": []
		},
		{
			"name": "Delete",
			"request": {
				"method": "DELETE",
				"header": [],
				"url": {
					"raw": "localhost:8080/monumento/1",
					"host": [
						"localhost"
					],
					"port": "8080",
					"path": [
						"monumento",
						"1"
					]
				}
			},
			"response": []
		}
	]
}